dias_atras,ejercicio,tecnica,numero_serie,peso_kg,reps_hechas,rpe,tonelaje_serie,bloque
63,Press Militar Mancuernas (Sentado),Top Set,1,25.0,37,9,925.0,A - Fuerza maxima
63,Press Militar Mancuernas (Sentado),Back-off,1,20.0,12,5,240.0,A - Fuerza maxima
63,Press Militar Mancuernas (Sentado),Back-off,2,25.0,12,5,300.0,A - Fuerza maxima
63,Remo con Mancuerna a 1 Mano,Top Set,1,15.0,26,8,390.0,A - Fuerza maxima
63,Remo con Mancuerna a 1 Mano,Back-off,1,12.5,12,5,150.0,A - Fuerza maxima
63,Remo con Mancuerna a 1 Mano,Back-off,2,15.0,12,5,180.0,A - Fuerza maxima
63,Press de Banca con Barra,Tradicional,1,35.0,12,5,420.0,B - Volumen
63,Press de Banca con Barra,Tradicional,2,37.5,12,5,450.0,B - Volumen
63,Press de Banca con Barra,Tradicional,3,40.0,17,8,680.0,B - Volumen
63,Jalon al Pecho Agarre Amplio,Tradicional,1,45.0,12,7,540.0,B - Volumen
63,Jalon al Pecho Agarre Amplio,Tradicional,2,45.0,12,8,540.0,B - Volumen
63,Jalon al Pecho Agarre Amplio,Tradicional,3,45.0,11,8,495.0,B - Volumen
63,Curl Martillo con Mancuernas,Superserie,1,16.0,12,7,192.0,C - Aislamiento
63,Curl Martillo con Mancuernas,Superserie,2,16.0,12,7,192.0,C - Aislamiento
63,Extension Triceps sobre Cabeza,Superserie,1,15.0,15,6,225.0,C - Aislamiento
63,Extension Triceps sobre Cabeza,Superserie,2,17.5,12,10,210.0,C - Aislamiento
63,Elevaciones Laterales Mancuernas,Tradicional,1,14.0,12,9,168.0,C - Aislamiento
63,Elevaciones Laterales Mancuernas,Tradicional,2,14.0,12,10,168.0,C - Aislamiento
61,Press Arnold con Mancuernas,Top Set,1,35.0,8,5,280.0,A - Fuerza maxima
61,Press Arnold con Mancuernas,Back-off,1,35.0,12,5,420.0,A - Fuerza maxima
61,Press Arnold con Mancuernas,Back-off,2,40.0,8,7,320.0,A - Fuerza maxima
61,Remo con Barra Agarre Prono,Top Set,1,42.5,8,5,340.0,A - Fuerza maxima
61,Remo con Barra Agarre Prono,Back-off,1,42.5,12,7,510.0,A - Fuerza maxima
61,Remo con Barra Agarre Prono,Back-off,2,42.5,12,8,510.0,A - Fuerza maxima
61,Press de Banca con Barra,Tradicional,1,35.0,12,5,420.0,B - Volumen
61,Press de Banca con Barra,Tradicional,2,37.5,12,5,450.0,B - Volumen
61,Press de Banca con Barra,Tradicional,3,40.0,12,5,480.0,B - Volumen
61,Jalon al Pecho Agarre Amplio,Tradicional,1,45.0,12,7,540.0,B - Volumen
61,Jalon al Pecho Agarre Amplio,Tradicional,2,45.0,12,9,540.0,B - Volumen
61,Jalon al Pecho Agarre Amplio,Tradicional,3,45.0,11,7,495.0,B - Volumen
61,Curl con Barra EZ,Superserie,1,25.0,14,8,350.0,C - Aislamiento
61,Curl con Barra EZ,Superserie,2,25.0,13,7,325.0,C - Aislamiento
61,Extension Triceps Polea Cuerda,Superserie,1,20.0,12,8,240.0,C - Aislamiento
61,Extension Triceps Polea Cuerda,Superserie,2,20.0,12,7,240.0,C - Aislamiento
61,Pec Deck Invertido,Tradicional,1,32.5,15,9,487.5,C - Aislamiento
61,Pec Deck Invertido,Tradicional,2,32.5,15,10,487.5,C - Aislamiento
59,Sentadilla Libre con Barra,Top Set,1,67.5,8,5,540.0,A - Fuerza maxima
59,Sentadilla Libre con Barra,Back-off,1,67.5,11,8,742.5,A - Fuerza maxima
59,Sentadilla Libre con Barra,Back-off,2,67.5,10,7,675.0,A - Fuerza maxima
59,Hip Thrust con Barra,Top Set,1,75.0,8,5,600.0,A - Fuerza maxima
59,Hip Thrust con Barra,Back-off,1,75.0,11,7,825.0,A - Fuerza maxima
59,Hip Thrust con Barra,Back-off,2,75.0,10,7,750.0,A - Fuerza maxima
59,Prensa de Piernas 45 grados,Tradicional,1,92.5,11,7,1017.5,B - Volumen
59,Prensa de Piernas 45 grados,Tradicional,2,92.5,10,7,925.0,B - Volumen
59,Prensa de Piernas 45 grados,Tradicional,3,92.5,10,8,925.0,B - Volumen
59,Curl de Isquios Sentado (Maquina),Tradicional,1,30.0,12,7,360.0,C - Aislamiento
59,Curl de Isquios Sentado (Maquina),Tradicional,2,30.0,12,7,360.0,C - Aislamiento
59,Aduccion de Cadera en Maquina,Tradicional,1,37.5,12,9,450.0,C - Aislamiento
59,Aduccion de Cadera en Maquina,Tradicional,2,37.5,12,9,450.0,C - Aislamiento
59,Elevaciones de Pantorrilla De Pie,Tradicional,1,32.5,15,9,487.5,C - Aislamiento
59,Elevaciones de Pantorrilla De Pie,Tradicional,2,32.5,15,9,487.5,C - Aislamiento
57,Peso Muerto Rumano con Barra,Top Set,1,65.0,8,5,520.0,A - Fuerza maxima
57,Peso Muerto Rumano con Barra,Back-off,1,65.0,11,7,715.0,A - Fuerza maxima
57,Peso Muerto Rumano con Barra,Back-off,2,65.0,10,6,650.0,A - Fuerza maxima
57,Prensa de Piernas 45 grados,Top Set,1,92.5,8,5,740.0,A - Fuerza maxima
57,Prensa de Piernas 45 grados,Back-off,1,92.5,11,8,1017.5,A - Fuerza maxima
57,Prensa de Piernas 45 grados,Back-off,2,92.5,10,7,925.0,A - Fuerza maxima
57,Sentadilla Libre con Barra,Tradicional,1,67.5,11,8,742.5,B - Volumen
57,Sentadilla Libre con Barra,Tradicional,2,67.5,10,8,675.0,B - Volumen
57,Sentadilla Libre con Barra,Tradicional,3,67.5,9,8,607.5,B - Volumen
57,Curl Nordico,Tradicional,1,0.0,12,10,0.0,C - Aislamiento
57,Curl Nordico,Tradicional,2,0.0,12,10,0.0,C - Aislamiento
57,Patada de Gluteo en Maquina,Tradicional,1,27.5,14,8,385.0,C - Aislamiento
57,Patada de Gluteo en Maquina,Tradicional,2,27.5,13,8,357.5,C - Aislamiento
57,Abduccion de Cadera en Polea,Tradicional,1,20.0,15,6,300.0,C - Aislamiento
57,Abduccion de Cadera en Polea,Tradicional,2,22.5,12,10,270.0,C - Aislamiento
56,Press Militar Mancuernas (Sentado),Top Set,1,30.0,8,5,240.0,A - Fuerza maxima
56,Press Militar Mancuernas (Sentado),Back-off,1,30.0,12,5,360.0,A - Fuerza maxima
56,Press Militar Mancuernas (Sentado),Back-off,2,35.0,12,5,420.0,A - Fuerza maxima
56,Remo con Mancuerna a 1 Mano,Top Set,1,17.5,8,5,140.0,A - Fuerza maxima
56,Remo con Mancuerna a 1 Mano,Back-off,1,17.5,12,5,210.0,A - Fuerza maxima
56,Remo con Mancuerna a 1 Mano,Back-off,2,20.0,10,7,200.0,A - Fuerza maxima
56,Press de Banca con Mancuernas,Tradicional,1,30.0,12,5,360.0,B - Volumen
56,Press de Banca con Mancuernas,Tradicional,2,35.0,12,7,420.0,B - Volumen
56,Press de Banca con Mancuernas,Tradicional,3,35.0,12,8,420.0,B - Volumen
56,Jalon Unilateral en Polea,Tradicional,1,38.75,10,8,387.5,B - Volumen
56,Jalon Unilateral en Polea,Tradicional,2,38.75,9,7,348.75,B - Volumen
56,Jalon Unilateral en Polea,Tradicional,3,38.75,9,8,348.75,B - Volumen
56,Curl Martillo con Mancuernas,Superserie,1,16.0,12,7,192.0,C - Aislamiento
56,Curl Martillo con Mancuernas,Superserie,2,16.0,12,9,192.0,C - Aislamiento
56,Extension Triceps sobre Cabeza,Superserie,1,17.5,12,9,210.0,C - Aislamiento
56,Extension Triceps sobre Cabeza,Superserie,2,17.5,12,10,210.0,C - Aislamiento
56,Elevaciones Laterales Mancuernas,Tradicional,1,12.0,15,5,180.0,C - Aislamiento
56,Elevaciones Laterales Mancuernas,Tradicional,2,14.0,12,9,168.0,C - Aislamiento
54,Press Arnold con Mancuernas,Top Set,1,40.0,8,7,320.0,A - Fuerza maxima
54,Press Arnold con Mancuernas,Back-off,1,40.0,8,7,320.0,A - Fuerza maxima
54,Press Arnold con Mancuernas,Back-off,2,40.0,8,9,320.0,A - Fuerza maxima
54,Remo con Barra Agarre Prono,Top Set,1,50.0,7,7,350.0,A - Fuerza maxima
54,Remo con Barra Agarre Prono,Back-off,1,45.0,10,9,450.0,A - Fuerza maxima
54,Remo con Barra Agarre Prono,Back-off,2,45.0,9,7,405.0,A - Fuerza maxima
54,Press de Banca con Mancuernas,Tradicional,1,30.0,12,5,360.0,B - Volumen
54,Press de Banca con Mancuernas,Tradicional,2,35.0,12,8,420.0,B - Volumen
54,Press de Banca con Mancuernas,Tradicional,3,35.0,11,8,385.0,B - Volumen
54,Jalon Agarre Neutro,Tradicional,1,38.75,12,5,465.0,B - Volumen
54,Jalon Agarre Neutro,Tradicional,2,41.25,12,5,495.0,B - Volumen
54,Jalon Agarre Neutro,Tradicional,3,43.75,16,8,700.0,B - Volumen
54,Curl con Barra EZ,Superserie,1,25.0,13,8,325.0,C - Aislamiento
54,Curl con Barra EZ,Superserie,2,25.0,12,7,300.0,C - Aislamiento
54,Extension Triceps Polea Cuerda,Superserie,1,20.0,12,8,240.0,C - Aislamiento
54,Extension Triceps Polea Cuerda,Superserie,2,20.0,12,8,240.0,C - Aislamiento
54,Pec Deck Invertido,Tradicional,1,30.0,16,7,480.0,C - Aislamiento
54,Pec Deck Invertido,Tradicional,2,30.0,16,8,480.0,C - Aislamiento
52,Sentadilla Libre con Barra,Top Set,1,75.0,7,8,525.0,A - Fuerza maxima
52,Sentadilla Libre con Barra,Back-off,1,67.5,10,8,675.0,A - Fuerza maxima
52,Sentadilla Libre con Barra,Back-off,2,67.5,10,7,675.0,A - Fuerza maxima
52,Hip Thrust con Barra,Top Set,1,82.5,8,9,660.0,A - Fuerza maxima
52,Hip Thrust con Barra,Back-off,1,75.0,10,8,750.0,A - Fuerza maxima
52,Hip Thrust con Barra,Back-off,2,75.0,10,8,750.0,A - Fuerza maxima
52,Sentadilla Frontal con Barra,Tradicional,1,55.0,12,5,660.0,B - Volumen
52,Sentadilla Frontal con Barra,Tradicional,2,57.5,12,5,690.0,B - Volumen
52,Sentadilla Frontal con Barra,Tradicional,3,60.0,15,9,900.0,B - Volumen
52,Curl de Isquios Sentado (Maquina),Tradicional,1,30.0,12,8,360.0,C - Aislamiento
52,Curl de Isquios Sentado (Maquina),Tradicional,2,30.0,12,8,360.0,C - Aislamiento
52,Aduccion de Cadera en Maquina,Tradicional,1,32.5,15,5,487.5,C - Aislamiento
52,Aduccion de Cadera en Maquina,Tradicional,2,35.0,13,8,455.0,C - Aislamiento
52,Elevaciones de Pantorrilla De Pie,Tradicional,1,30.0,17,8,510.0,C - Aislamiento
52,Elevaciones de Pantorrilla De Pie,Tradicional,2,30.0,17,8,510.0,C - Aislamiento
50,Peso Muerto Rumano con Barra,Top Set,1,70.0,8,8,560.0,A - Fuerza maxima
50,Peso Muerto Rumano con Barra,Back-off,1,65.0,11,9,715.0,A - Fuerza maxima
50,Peso Muerto Rumano con Barra,Back-off,2,65.0,10,8,650.0,A - Fuerza maxima
50,Prensa de Piernas 45 grados,Top Set,1,105.0,7,8,735.0,A - Fuerza maxima
50,Prensa de Piernas 45 grados,Back-off,1,92.5,11,8,1017.5,A - Fuerza maxima
50,Prensa de Piernas 45 grados,Back-off,2,92.5,10,7,925.0,A - Fuerza maxima
50,Sentadilla Frontal con Barra,Tradicional,1,55.0,12,5,660.0,B - Volumen
50,Sentadilla Frontal con Barra,Tradicional,2,57.5,12,5,690.0,B - Volumen
50,Sentadilla Frontal con Barra,Tradicional,3,60.0,12,5,720.0,B - Volumen
50,Curl Nordico,Tradicional,1,0.0,12,10,0.0,C - Aislamiento
50,Curl Nordico,Tradicional,2,0.0,12,10,0.0,C - Aislamiento
50,Patada de Gluteo en Maquina,Tradicional,1,27.5,13,7,357.5,C - Aislamiento
50,Patada de Gluteo en Maquina,Tradicional,2,27.5,13,8,357.5,C - Aislamiento
50,Abduccion de Cadera en Polea,Tradicional,1,22.5,12,10,270.0,C - Aislamiento
50,Abduccion de Cadera en Polea,Tradicional,2,20.0,14,8,280.0,C - Aislamiento
49,Press Militar Mancuernas (Sentado),Top Set,1,35.0,16,8,560.0,A - Fuerza maxima
49,Press Militar Mancuernas (Sentado),Back-off,1,40.0,9,7,360.0,A - Fuerza maxima
49,Press Militar Mancuernas (Sentado),Back-off,2,40.0,8,7,320.0,A - Fuerza maxima
49,Remo con Mancuerna a 1 Mano,Top Set,1,20.0,8,6,160.0,A - Fuerza maxima
49,Remo con Mancuerna a 1 Mano,Back-off,1,20.0,10,8,200.0,A - Fuerza maxima
49,Remo con Mancuerna a 1 Mano,Back-off,2,20.0,9,7,180.0,A - Fuerza maxima
49,Press de Banca con Barra,Tradicional,1,45.0,11,8,495.0,B - Volumen
49,Press de Banca con Barra,Tradicional,2,45.0,11,7,495.0,B - Volumen
49,Press de Banca con Barra,Tradicional,3,45.0,10,8,450.0,B - Volumen
49,Jalon al Pecho Agarre Amplio,Tradicional + AMRAP,1,47.5,9,7,427.5,B - Volumen
49,Jalon al Pecho Agarre Amplio,Tradicional + AMRAP,2,47.5,8,7,380.0,B - Volumen
49,Jalon al Pecho Agarre Amplio,Tradicional + AMRAP,3,47.5,11,10,522.5,B - Volumen
49,Curl Martillo con Mancuernas,Superserie,1,16.0,12,8,192.0,C - Aislamiento
49,Curl Martillo con Mancuernas,Superserie,2,16.0,12,9,192.0,C - Aislamiento
49,Extension Triceps sobre Cabeza,Superserie,1,15.0,15,6,225.0,C - Aislamiento
49,Extension Triceps sobre Cabeza,Superserie,2,17.5,12,10,210.0,C - Aislamiento
49,Elevaciones Laterales Mancuernas,Rest-Pause,1,14.0,12,9,168.0,C - Aislamiento
49,Elevaciones Laterales Mancuernas,Rest-Pause,2,14.0,12,9,168.0,C - Aislamiento
47,Press Arnold con Mancuernas,Top Set,1,45.0,6,10,270.0,A - Fuerza maxima
47,Press Arnold con Mancuernas,Back-off,1,40.0,8,7,320.0,A - Fuerza maxima
47,Press Arnold con Mancuernas,Back-off,2,40.0,8,9,320.0,A - Fuerza maxima
47,Remo con Barra Agarre Prono,Top Set,1,50.0,7,8,350.0,A - Fuerza maxima
47,Remo con Barra Agarre Prono,Back-off,1,45.0,9,7,405.0,A - Fuerza maxima
47,Remo con Barra Agarre Prono,Back-off,2,45.0,9,8,405.0,A - Fuerza maxima
47,Press de Banca con Barra,Tradicional,1,45.0,11,7,495.0,B - Volumen
47,Press de Banca con Barra,Tradicional,2,45.0,11,8,495.0,B - Volumen
47,Press de Banca con Barra,Tradicional,3,45.0,10,7,450.0,B - Volumen
47,Jalon al Pecho Agarre Amplio,Drop Set,1,47.5,9,7,427.5,B - Volumen
47,Jalon al Pecho Agarre Amplio,Drop Set,2,47.5,8,7,380.0,B - Volumen
47,Jalon al Pecho Agarre Amplio,Drop Set,3,47.5,11,10,522.5,B - Volumen
47,Curl con Barra EZ,Superserie,1,25.0,13,7,325.0,C - Aislamiento
47,Curl con Barra EZ,Superserie,2,25.0,12,7,300.0,C - Aislamiento
47,Extension Triceps Polea Cuerda,Superserie,1,20.0,12,8,240.0,C - Aislamiento
47,Extension Triceps Polea Cuerda,Superserie,2,20.0,12,9,240.0,C - Aislamiento
47,Pec Deck Invertido,Tradicional,1,30.0,16,8,480.0,C - Aislamiento
47,Pec Deck Invertido,Tradicional,2,30.0,15,7,450.0,C - Aislamiento
45,Sentadilla Libre con Barra,Top Set,1,75.0,7,7,525.0,A - Fuerza maxima
45,Sentadilla Libre con Barra,Back-off,1,67.5,10,8,675.0,A - Fuerza maxima
45,Sentadilla Libre con Barra,Back-off,2,67.5,9,7,607.5,A - Fuerza maxima
45,Hip Thrust con Barra,Top Set,1,85.0,7,8,595.0,A - Fuerza maxima
45,Hip Thrust con Barra,Back-off,1,75.0,10,8,750.0,A - Fuerza maxima
45,Hip Thrust con Barra,Back-off,2,75.0,9,6,675.0,A - Fuerza maxima
45,Prensa de Piernas 45 grados,Tradicional + AMRAP,1,92.5,11,8,1017.5,B - Volumen
45,Prensa de Piernas 45 grados,Tradicional + AMRAP,2,92.5,10,8,925.0,B - Volumen
45,Prensa de Piernas 45 grados,Tradicional + AMRAP,3,92.5,12,10,1110.0,B - Volumen
45,Curl de Isquios Sentado (Maquina),Rest-Pause,1,30.0,12,8,360.0,C - Aislamiento
45,Curl de Isquios Sentado (Maquina),Rest-Pause,2,30.0,14,10,420.0,C - Aislamiento
45,Aduccion de Cadera en Maquina,Rest-Pause,1,35.0,13,7,455.0,C - Aislamiento
45,Aduccion de Cadera en Maquina,Rest-Pause,2,35.0,16,10,560.0,C - Aislamiento
45,Elevaciones de Pantorrilla De Pie,Tradicional,1,30.0,17,8,510.0,C - Aislamiento
45,Elevaciones de Pantorrilla De Pie,Tradicional,2,30.0,16,7,480.0,C - Aislamiento
43,Peso Muerto Rumano con Barra,Top Set,1,72.5,7,7,507.5,A - Fuerza maxima
43,Peso Muerto Rumano con Barra,Back-off,1,62.5,12,8,750.0,A - Fuerza maxima
43,Peso Muerto Rumano con Barra,Back-off,2,62.5,12,8,750.0,A - Fuerza maxima
43,Prensa de Piernas 45 grados,Top Set,1,105.0,7,8,735.0,A - Fuerza maxima
43,Prensa de Piernas 45 grados,Back-off,1,92.5,11,8,1017.5,A - Fuerza maxima
43,Prensa de Piernas 45 grados,Back-off,2,92.5,10,8,925.0,A - Fuerza maxima
43,Sentadilla Libre con Barra,Tradicional,1,67.5,10,8,675.0,B - Volumen
43,Sentadilla Libre con Barra,Tradicional,2,67.5,9,8,607.5,B - Volumen
43,Sentadilla Libre con Barra,Tradicional,3,67.5,9,8,607.5,B - Volumen
43,Curl Nordico,Rest-Pause,1,0.0,12,9,0.0,C - Aislamiento
43,Curl Nordico,Rest-Pause,2,0.0,12,10,0.0,C - Aislamiento
43,Patada de Gluteo en Maquina,Rest-Pause,1,27.5,13,6,357.5,C - Aislamiento
43,Patada de Gluteo en Maquina,Rest-Pause,2,27.5,15,10,412.5,C - Aislamiento
43,Abduccion de Cadera en Polea,Rest-Pause,1,20.0,14,7,280.0,C - Aislamiento
43,Abduccion de Cadera en Polea,Rest-Pause,2,20.0,17,10,340.0,C - Aislamiento
42,Press Militar Mancuernas (Sentado),Top Set,1,40.0,8,7,320.0,A - Fuerza maxima
42,Press Militar Mancuernas (Sentado),Back-off,1,40.0,9,8,360.0,A - Fuerza maxima
42,Press Militar Mancuernas (Sentado),Back-off,2,40.0,8,7,320.0,A - Fuerza maxima
42,Remo con Mancuerna a 1 Mano,Top Set,1,22.5,7,8,157.5,A - Fuerza maxima
42,Remo con Mancuerna a 1 Mano,Back-off,1,20.0,10,7,200.0,A - Fuerza maxima
42,Remo con Mancuerna a 1 Mano,Back-off,2,20.0,9,7,180.0,A - Fuerza maxima
42,Press de Banca con Barra,Tradicional,1,45.0,11,8,495.0,B - Volumen
42,Press de Banca con Barra,Tradicional,2,45.0,10,7,450.0,B - Volumen
42,Press de Banca con Barra,Tradicional,3,45.0,10,7,450.0,B - Volumen
42,Jalon al Pecho Agarre Amplio,Tradicional + AMRAP,1,47.5,9,8,427.5,B - Volumen
42,Jalon al Pecho Agarre Amplio,Tradicional + AMRAP,2,47.5,8,8,380.0,B - Volumen
42,Jalon al Pecho Agarre Amplio,Tradicional + AMRAP,3,47.5,11,10,522.5,B - Volumen
42,Curl Martillo con Mancuernas,Superserie,1,14.0,15,6,210.0,C - Aislamiento
42,Curl Martillo con Mancuernas,Superserie,2,16.0,12,9,192.0,C - Aislamiento
42,Extension Triceps sobre Cabeza,Superserie,1,17.5,12,10,210.0,C - Aislamiento
42,Extension Triceps sobre Cabeza,Superserie,2,15.0,15,7,225.0,C - Aislamiento
42,Elevaciones Laterales Mancuernas,Rest-Pause,1,12.0,15,6,180.0,C - Aislamiento
42,Elevaciones Laterales Mancuernas,Rest-Pause,2,12.0,19,10,228.0,C - Aislamiento
40,Press Arnold con Mancuernas,Top Set,1,40.0,8,8,320.0,A - Fuerza maxima
40,Press Arnold con Mancuernas,Back-off,1,40.0,8,8,320.0,A - Fuerza maxima
40,Press Arnold con Mancuernas,Back-off,2,40.0,8,8,320.0,A - Fuerza maxima
40,Remo con Barra Agarre Prono,Top Set,1,50.0,7,9,350.0,A - Fuerza maxima
40,Remo con Barra Agarre Prono,Back-off,1,45.0,9,7,405.0,A - Fuerza maxima
40,Remo con Barra Agarre Prono,Back-off,2,45.0,8,6,360.0,A - Fuerza maxima
40,Press de Banca con Barra,Tradicional,1,45.0,11,7,495.0,B - Volumen
40,Press de Banca con Barra,Tradicional,2,45.0,10,8,450.0,B - Volumen
40,Press de Banca con Barra,Tradicional,3,45.0,10,7,450.0,B - Volumen
40,Jalon al Pecho Agarre Amplio,Drop Set,1,47.5,9,7,427.5,B - Volumen
40,Jalon al Pecho Agarre Amplio,Drop Set,2,47.5,8,8,380.0,B - Volumen
40,Jalon al Pecho Agarre Amplio,Drop Set,3,47.5,11,10,522.5,B - Volumen
40,Curl con Barra EZ,Superserie,1,25.0,13,8,325.0,C - Aislamiento
40,Curl con Barra EZ,Superserie,2,25.0,12,8,300.0,C - Aislamiento
40,Extension Triceps Polea Cuerda,Superserie,1,17.5,15,5,262.5,C - Aislamiento
40,Extension Triceps Polea Cuerda,Superserie,2,20.0,12,8,240.0,C - Aislamiento
40,Pec Deck Invertido,Tradicional,1,30.0,16,7,480.0,C - Aislamiento
40,Pec Deck Invertido,Tradicional,2,30.0,15,7,450.0,C - Aislamiento
38,Sentadilla Libre con Barra,Top Set,1,75.0,7,7,525.0,A - Fuerza maxima
38,Sentadilla Libre con Barra,Back-off,1,67.5,10,8,675.0,A - Fuerza maxima
38,Sentadilla Libre con Barra,Back-off,2,67.5,9,7,607.5,A - Fuerza maxima
38,Hip Thrust con Barra,Top Set,1,85.0,7,8,595.0,A - Fuerza maxima
38,Hip Thrust con Barra,Back-off,1,75.0,10,8,750.0,A - Fuerza maxima
38,Hip Thrust con Barra,Back-off,2,75.0,9,7,675.0,A - Fuerza maxima
38,Prensa de Piernas 45 grados,Tradicional + AMRAP,1,95.0,9,7,855.0,B - Volumen
38,Prensa de Piernas 45 grados,Tradicional + AMRAP,2,95.0,9,8,855.0,B - Volumen
38,Prensa de Piernas 45 grados,Tradicional + AMRAP,3,95.0,11,10,1045.0,B - Volumen
38,Curl de Isquios Sentado (Maquina),Rest-Pause,1,30.0,12,8,360.0,C - Aislamiento
38,Curl de Isquios Sentado (Maquina),Rest-Pause,2,30.0,14,10,420.0,C - Aislamiento
38,Aduccion de Cadera en Maquina,Rest-Pause,1,37.5,12,9,450.0,C - Aislamiento
38,Aduccion de Cadera en Maquina,Rest-Pause,2,37.5,12,10,450.0,C - Aislamiento
38,Elevaciones de Pantorrilla De Pie,Tradicional,1,30.0,17,9,510.0,C - Aislamiento
38,Elevaciones de Pantorrilla De Pie,Tradicional,2,30.0,16,8,480.0,C - Aislamiento
36,Peso Muerto Rumano con Barra,Top Set,1,72.5,7,7,507.5,A - Fuerza maxima
36,Peso Muerto Rumano con Barra,Back-off,1,65.0,10,8,650.0,A - Fuerza maxima
36,Peso Muerto Rumano con Barra,Back-off,2,65.0,10,8,650.0,A - Fuerza maxima
36,Prensa de Piernas 45 grados,Top Set,1,105.0,7,8,735.0,A - Fuerza maxima
36,Prensa de Piernas 45 grados,Back-off,1,92.5,10,7,925.0,A - Fuerza maxima
36,Prensa de Piernas 45 grados,Back-off,2,92.5,10,8,925.0,A - Fuerza maxima
36,Sentadilla Libre con Barra,Tradicional,1,67.5,10,8,675.0,B - Volumen
36,Sentadilla Libre con Barra,Tradicional,2,67.5,9,8,607.5,B - Volumen
36,Sentadilla Libre con Barra,Tradicional,3,67.5,8,6,540.0,B - Volumen
36,Curl Nordico,Rest-Pause,1,0.0,12,10,0.0,C - Aislamiento
36,Curl Nordico,Rest-Pause,2,0.0,12,10,0.0,C - Aislamiento
36,Patada de Gluteo en Maquina,Rest-Pause,1,30.0,12,10,360.0,C - Aislamiento
36,Patada de Gluteo en Maquina,Rest-Pause,2,30.0,11,10,330.0,C - Aislamiento
36,Abduccion de Cadera en Polea,Rest-Pause,1,22.5,12,10,270.0,C - Aislamiento
36,Abduccion de Cadera en Polea,Rest-Pause,2,22.5,11,9,247.5,C - Aislamiento
35,Press Militar Mancuernas (Sentado),Top Set,1,40.0,8,7,320.0,A - Fuerza maxima
35,Press Militar Mancuernas (Sentado),Back-off,1,32.5,12,5,390.0,A - Fuerza maxima
35,Remo con Mancuerna a 1 Mano,Top Set,1,22.5,7,7,157.5,A - Fuerza maxima
35,Remo con Mancuerna a 1 Mano,Back-off,1,17.5,12,5,210.0,A - Fuerza maxima
35,Press de Banca con Barra,Tradicional,1,45.0,11,8,495.0,B - Volumen
35,Jalon al Pecho Agarre Amplio,Tradicional,1,47.5,9,7,427.5,B - Volumen
33,Press Arnold con Mancuernas,Top Set,1,40.0,8,7,320.0,A - Fuerza maxima
33,Press Arnold con Mancuernas,Back-off,1,32.5,12,5,390.0,A - Fuerza maxima
33,Remo con Barra Agarre Prono,Top Set,1,50.0,7,8,350.0,A - Fuerza maxima
33,Remo con Barra Agarre Prono,Back-off,1,40.0,12,5,480.0,A - Fuerza maxima
33,Press de Banca con Barra,Tradicional,1,45.0,11,7,495.0,B - Volumen
33,Jalon al Pecho Agarre Amplio,Tradicional,1,47.5,9,7,427.5,B - Volumen
31,Sentadilla Libre con Barra,Top Set,1,75.0,7,8,525.0,A - Fuerza maxima
31,Sentadilla Libre con Barra,Back-off,1,60.0,12,5,720.0,A - Fuerza maxima
31,Hip Thrust con Barra,Top Set,1,85.0,7,8,595.0,A - Fuerza maxima
31,Hip Thrust con Barra,Back-off,1,67.5,12,6,810.0,A - Fuerza maxima
31,Prensa de Piernas 45 grados,Tradicional,1,95.0,9,7,855.0,B - Volumen
29,Peso Muerto Rumano con Barra,Top Set,1,72.5,7,8,507.5,A - Fuerza maxima
29,Peso Muerto Rumano con Barra,Back-off,1,57.5,12,5,690.0,A - Fuerza maxima
29,Prensa de Piernas 45 grados,Top Set,1,105.0,7,7,735.0,A - Fuerza maxima
29,Prensa de Piernas 45 grados,Back-off,1,83.75,12,5,1005.0,A - Fuerza maxima
29,Sentadilla Libre con Barra,Tradicional,1,67.5,10,8,675.0,B - Volumen
28,Press Arnold con Mancuernas,Top Set,1,45.0,6,8,270.0,A - Fuerza maxima
28,Press Arnold con Mancuernas,Back-off,1,37.5,11,7,412.5,A - Fuerza maxima
28,Press Arnold con Mancuernas,Back-off,2,37.5,10,8,375.0,A - Fuerza maxima
28,Remo con Barra Agarre Prono,Top Set,1,52.5,6,9,315.0,A - Fuerza maxima
28,Remo con Barra Agarre Prono,Back-off,1,42.5,12,8,510.0,A - Fuerza maxima
28,Remo con Barra Agarre Prono,Back-off,2,42.5,11,7,467.5,A - Fuerza maxima
28,Press Inclinado con Mancuernas,Tradicional,1,30.0,12,5,360.0,B - Volumen
28,Press Inclinado con Mancuernas,Tradicional,2,35.0,9,8,315.0,B - Volumen
28,Press Inclinado con Mancuernas,Tradicional,3,35.0,9,7,315.0,B - Volumen
28,Dominadas,Tradicional,1,0.0,8,7,0.0,B - Volumen
28,Dominadas,Tradicional,2,0.0,8,9,0.0,B - Volumen
28,Dominadas,Tradicional,3,0.0,8,9,0.0,B - Volumen
28,Curl Martillo con Mancuernas,Superserie,1,16.0,12,8,192.0,C - Aislamiento
28,Curl Martillo con Mancuernas,Superserie,2,16.0,12,9,192.0,C - Aislamiento
28,Press Frances con Barra EZ,Superserie,1,15.0,15,5,225.0,C - Aislamiento
28,Press Frances con Barra EZ,Superserie,2,17.5,41,8,717.5,C - Aislamiento
28,Elevaciones Laterales Polea Baja,Tradicional,1,17.5,15,8,262.5,C - Aislamiento
28,Elevaciones Laterales Polea Baja,Tradicional,2,17.5,14,7,245.0,C - Aislamiento
26,Press Militar con Barra,Top Set,1,42.5,1,10,42.5,A - Fuerza maxima
26,Press Militar con Barra,Back-off,1,32.5,8,8,260.0,A - Fuerza maxima
26,Press Militar con Barra,Back-off,2,32.5,8,9,260.0,A - Fuerza maxima
26,Remo con Mancuerna a 1 Mano,Top Set,1,25.0,4,8,100.0,A - Fuerza maxima
26,Remo con Mancuerna a 1 Mano,Back-off,1,20.0,10,7,200.0,A - Fuerza maxima
26,Remo con Mancuerna a 1 Mano,Back-off,2,20.0,10,7,200.0,A - Fuerza maxima
26,Press Inclinado con Mancuernas,Tradicional,1,30.0,12,5,360.0,B - Volumen
26,Press Inclinado con Mancuernas,Tradicional,2,35.0,9,7,315.0,B - Volumen
26,Press Inclinado con Mancuernas,Tradicional,3,35.0,9,8,315.0,B - Volumen
26,Jalon Unilateral en Polea,Tradicional,1,38.75,10,8,387.5,B - Volumen
26,Jalon Unilateral en Polea,Tradicional,2,38.75,9,8,348.75,B - Volumen
26,Jalon Unilateral en Polea,Tradicional,3,38.75,8,7,310.0,B - Volumen
26,Curl Predicador con Barra EZ,Superserie,1,12.5,15,5,187.5,C - Aislamiento
26,Curl Predicador con Barra EZ,Superserie,2,15.0,48,8,720.0,C - Aislamiento
26,Extension Triceps Polea Barra,Superserie,1,16.25,15,5,243.75,C - Aislamiento
26,Extension Triceps Polea Barra,Superserie,2,18.75,10,8,187.5,C - Aislamiento
26,Pajaros con Mancuernas,Tradicional,1,14.0,14,10,196.0,C - Aislamiento
26,Pajaros con Mancuernas,Tradicional,2,12.0,18,8,216.0,C - Aislamiento
24,Prensa de Piernas 45 grados,Top Set,1,110.0,6,8,660.0,A - Fuerza maxima
24,Prensa de Piernas 45 grados,Back-off,1,90.0,12,7,1080.0,A - Fuerza maxima
24,Prensa de Piernas 45 grados,Back-off,2,90.0,12,7,1080.0,A - Fuerza maxima
24,Peso Muerto Rumano con Barra,Top Set,1,75.0,6,7,450.0,A - Fuerza maxima
24,Peso Muerto Rumano con Barra,Back-off,1,62.5,12,8,750.0,A - Fuerza maxima
24,Peso Muerto Rumano con Barra,Back-off,2,62.5,12,8,750.0,A - Fuerza maxima
24,Hack Squat (Maquina),Tradicional,1,76.25,4,10,305.0,B - Volumen
24,Hack Squat (Maquina),Tradicional,2,68.75,6,10,412.5,B - Volumen
24,Hack Squat (Maquina),Tradicional,3,61.25,6,7,367.5,B - Volumen
24,Curl de Isquios Tumbado (Maquina),Tradicional,1,23.75,15,5,356.25,C - Aislamiento
24,Curl de Isquios Tumbado (Maquina),Tradicional,2,26.25,15,9,393.75,C - Aislamiento
24,Sentadilla Sumo con Mancuerna,Tradicional,1,14.0,12,10,168.0,C - Aislamiento
24,Sentadilla Sumo con Mancuerna,Tradicional,2,12.0,15,6,180.0,C - Aislamiento
24,Elevaciones de Pantorrilla Sentado,Tradicional,1,23.75,20,5,475.0,C - Aislamiento
24,Elevaciones de Pantorrilla Sentado,Tradicional,2,26.25,20,8,525.0,C - Aislamiento
22,Peso Muerto Rumano con Mancuernas,Top Set,1,50.0,1,9,50.0,A - Fuerza maxima
22,Peso Muerto Rumano con Mancuernas,Back-off,1,40.0,8,9,320.0,A - Fuerza maxima
22,Peso Muerto Rumano con Mancuernas,Back-off,2,40.0,8,9,320.0,A - Fuerza maxima
22,Hack Squat (Maquina),Top Set,1,91.25,0,10,0.0,A - Fuerza maxima
22,Hack Squat (Maquina),Back-off,1,72.5,5,10,362.5,A - Fuerza maxima
22,Hack Squat (Maquina),Back-off,2,65.0,8,10,520.0,A - Fuerza maxima
22,Prensa de Piernas 45 grados,Tradicional,1,95.0,10,8,950.0,B - Volumen
22,Prensa de Piernas 45 grados,Tradicional,2,95.0,9,7,855.0,B - Volumen
22,Prensa de Piernas 45 grados,Tradicional,3,95.0,8,7,760.0,B - Volumen
22,Curl de Isquios Sentado (Maquina),Tradicional,1,30.0,12,8,360.0,C - Aislamiento
22,Curl de Isquios Sentado (Maquina),Tradicional,2,30.0,12,8,360.0,C - Aislamiento
22,Puente de Gluteo a 1 Pierna,Tradicional,1,0.0,12,10,0.0,C - Aislamiento
22,Puente de Gluteo a 1 Pierna,Tradicional,2,0.0,12,10,0.0,C - Aislamiento
22,Caminata Lateral con Banda,Tradicional,1,0.0,11,10,0.0,C - Aislamiento
22,Caminata Lateral con Banda,Tradicional,2,0.0,10,10,0.0,C - Aislamiento
21,Press Arnold con Mancuernas,Top Set,1,50.0,4,10,200.0,A - Fuerza maxima
21,Press Arnold con Mancuernas,Back-off,1,37.5,11,8,412.5,A - Fuerza maxima
21,Press Arnold con Mancuernas,Back-off,2,37.5,10,7,375.0,A - Fuerza maxima
21,Remo con Barra Agarre Prono,Top Set,1,55.0,4,8,220.0,A - Fuerza maxima
21,Remo con Barra Agarre Prono,Back-off,1,45.0,10,8,450.0,A - Fuerza maxima
21,Remo con Barra Agarre Prono,Back-off,2,45.0,9,7,405.0,A - Fuerza maxima
21,Press de Banca con Mancuernas,Tradicional,1,40.0,8,9,320.0,B - Volumen
21,Press de Banca con Mancuernas,Tradicional,2,40.0,8,9,320.0,B - Volumen
21,Press de Banca con Mancuernas,Tradicional,3,40.0,8,10,320.0,B - Volumen
21,Jalon Unilateral en Polea,Tradicional,1,38.75,10,8,387.5,B - Volumen
21,Jalon Unilateral en Polea,Tradicional,2,38.75,9,8,348.75,B - Volumen
21,Jalon Unilateral en Polea,Tradicional,3,38.75,8,7,310.0,B - Volumen
21,Curl Martillo con Mancuernas,Superserie,1,14.0,15,5,210.0,C - Aislamiento
21,Curl Martillo con Mancuernas,Superserie,2,16.0,12,9,192.0,C - Aislamiento
21,Press Frances con Barra EZ,Superserie,1,22.5,15,5,337.5,C - Aislamiento
21,Press Frances con Barra EZ,Superserie,2,25.0,15,5,375.0,C - Aislamiento
21,Elevaciones Laterales Polea Baja,Tradicional,1,20.0,12,10,240.0,C - Aislamiento
21,Elevaciones Laterales Polea Baja,Tradicional,2,17.5,14,7,245.0,C - Aislamiento
19,Press Militar con Barra,Top Set,1,35.0,5,9,175.0,A - Fuerza maxima
19,Press Militar con Barra,Back-off,1,30.0,8,7,240.0,A - Fuerza maxima
19,Press Militar con Barra,Back-off,2,30.0,8,7,240.0,A - Fuerza maxima
19,Remo con Mancuerna a 1 Mano,Top Set,1,25.0,4,8,100.0,A - Fuerza maxima
19,Remo con Mancuerna a 1 Mano,Back-off,1,20.0,10,6,200.0,A - Fuerza maxima
19,Remo con Mancuerna a 1 Mano,Back-off,2,20.0,10,8,200.0,A - Fuerza maxima
19,Press de Banca con Mancuernas,Tradicional,1,40.0,8,9,320.0,B - Volumen
19,Press de Banca con Mancuernas,Tradicional,2,40.0,8,9,320.0,B - Volumen
19,Press de Banca con Mancuernas,Tradicional,3,40.0,8,10,320.0,B - Volumen
19,Jalon Agarre Neutro,Tradicional,1,46.25,12,6,555.0,B - Volumen
19,Jalon Agarre Neutro,Tradicional,2,48.75,10,7,487.5,B - Volumen
19,Jalon Agarre Neutro,Tradicional,3,48.75,9,8,438.75,B - Volumen
19,Curl Predicador con Barra EZ,Superserie,1,17.5,15,5,262.5,C - Aislamiento
19,Curl Predicador con Barra EZ,Superserie,2,20.0,15,5,300.0,C - Aislamiento
19,Extension Triceps Polea Barra,Superserie,1,17.5,14,7,245.0,C - Aislamiento
19,Extension Triceps Polea Barra,Superserie,2,17.5,13,8,227.5,C - Aislamiento
19,Pajaros con Mancuernas,Tradicional,1,12.0,18,6,216.0,C - Aislamiento
19,Pajaros con Mancuernas,Tradicional,2,12.0,18,8,216.0,C - Aislamiento
17,Prensa de Piernas 45 grados,Top Set,1,112.5,5,8,562.5,A - Fuerza maxima
17,Prensa de Piernas 45 grados,Back-off,1,92.5,11,8,1017.5,A - Fuerza maxima
17,Prensa de Piernas 45 grados,Back-off,2,92.5,10,6,925.0,A - Fuerza maxima
17,Peso Muerto Rumano con Barra,Top Set,1,77.5,6,9,465.0,A - Fuerza maxima
17,Peso Muerto Rumano con Barra,Back-off,1,65.0,11,7,715.0,A - Fuerza maxima
17,Peso Muerto Rumano con Barra,Back-off,2,65.0,10,8,650.0,A - Fuerza maxima
17,Sentadilla Frontal con Barra,Tradicional,1,67.5,9,7,607.5,B - Volumen
17,Sentadilla Frontal con Barra,Tradicional,2,67.5,9,8,607.5,B - Volumen
17,Sentadilla Frontal con Barra,Tradicional,3,67.5,8,7,540.0,B - Volumen
17,Curl de Isquios Tumbado (Maquina),Tradicional,1,28.75,12,9,345.0,C - Aislamiento
17,Curl de Isquios Tumbado (Maquina),Tradicional,2,28.75,12,10,345.0,C - Aislamiento
17,Sentadilla Sumo con Mancuerna,Tradicional,1,14.0,12,10,168.0,C - Aislamiento
17,Sentadilla Sumo con Mancuerna,Tradicional,2,12.0,15,7,180.0,C - Aislamiento
17,Elevaciones de Pantorrilla Sentado,Tradicional,1,28.75,16,8,460.0,C - Aislamiento
17,Elevaciones de Pantorrilla Sentado,Tradicional,2,28.75,15,7,431.25,C - Aislamiento
15,Peso Muerto Rumano con Mancuernas,Top Set,1,40.0,6,6,240.0,A - Fuerza maxima
15,Peso Muerto Rumano con Mancuernas,Back-off,1,35.0,12,7,420.0,A - Fuerza maxima
15,Peso Muerto Rumano con Mancuernas,Back-off,2,35.0,11,7,385.0,A - Fuerza maxima
15,Hack Squat (Maquina),Top Set,1,65.0,6,8,390.0,A - Fuerza maxima
15,Hack Squat (Maquina),Back-off,1,62.5,8,9,500.0,A - Fuerza maxima
15,Hack Squat (Maquina),Back-off,2,62.5,8,9,500.0,A - Fuerza maxima
15,Sentadilla Frontal con Barra,Tradicional,1,67.5,9,6,607.5,B - Volumen
15,Sentadilla Frontal con Barra,Tradicional,2,67.5,9,8,607.5,B - Volumen
15,Sentadilla Frontal con Barra,Tradicional,3,67.5,8,7,540.0,B - Volumen
15,Curl de Isquios Sentado (Maquina),Tradicional,1,30.0,12,8,360.0,C - Aislamiento
15,Curl de Isquios Sentado (Maquina),Tradicional,2,30.0,12,8,360.0,C - Aislamiento
15,Puente de Gluteo a 1 Pierna,Tradicional,1,0.0,12,9,0.0,C - Aislamiento
15,Puente de Gluteo a 1 Pierna,Tradicional,2,0.0,12,10,0.0,C - Aislamiento
15,Caminata Lateral con Banda,Tradicional,1,0.0,11,10,0.0,C - Aislamiento
15,Caminata Lateral con Banda,Tradicional,2,0.0,10,10,0.0,C - Aislamiento
14,Press Arnold con Mancuernas,Top Set,1,45.0,6,8,270.0,A - Fuerza maxima
14,Press Arnold con Mancuernas,Back-off,1,37.5,11,8,412.5,A - Fuerza maxima
14,Press Arnold con Mancuernas,Back-off,2,37.5,10,7,375.0,A - Fuerza maxima
14,Remo con Barra Agarre Prono,Top Set,1,55.0,4,8,220.0,A - Fuerza maxima
14,Remo con Barra Agarre Prono,Back-off,1,45.0,10,8,450.0,A - Fuerza maxima
14,Remo con Barra Agarre Prono,Back-off,2,45.0,9,7,405.0,A - Fuerza maxima
14,Press Inclinado con Mancuernas,Tradicional,1,35.0,10,7,350.0,B - Volumen
14,Press Inclinado con Mancuernas,Tradicional,2,35.0,9,7,315.0,B - Volumen
14,Press Inclinado con Mancuernas,Tradicional,3,35.0,9,8,315.0,B - Volumen
14,Dominadas,Tradicional + AMRAP,1,0.0,8,8,0.0,B - Volumen
14,Dominadas,Tradicional + AMRAP,2,0.0,8,8,0.0,B - Volumen
14,Dominadas,Tradicional + AMRAP,3,0.0,9,10,0.0,B - Volumen
14,Curl Martillo con Mancuernas,Superserie,1,16.0,12,9,192.0,C - Aislamiento
14,Curl Martillo con Mancuernas,Superserie,2,16.0,12,9,192.0,C - Aislamiento
14,Press Frances con Barra EZ,Superserie,1,27.5,14,9,385.0,C - Aislamiento
14,Press Frances con Barra EZ,Superserie,2,27.5,13,8,357.5,C - Aislamiento
14,Elevaciones Laterales Polea Baja,Rest-Pause,1,17.5,15,8,262.5,C - Aislamiento
14,Elevaciones Laterales Polea Baja,Rest-Pause,2,17.5,17,10,297.5,C - Aislamiento
12,Press Militar con Barra,Top Set,1,32.5,6,8,195.0,A - Fuerza maxima
12,Press Militar con Barra,Back-off,1,30.0,8,7,240.0,A - Fuerza maxima
12,Press Militar con Barra,Back-off,2,30.0,8,7,240.0,A - Fuerza maxima
12,Remo con Mancuerna a 1 Mano,Top Set,1,25.0,4,8,100.0,A - Fuerza maxima
12,Remo con Mancuerna a 1 Mano,Back-off,1,20.0,10,7,200.0,A - Fuerza maxima
12,Remo con Mancuerna a 1 Mano,Back-off,2,20.0,10,8,200.0,A - Fuerza maxima
12,Press Inclinado con Mancuernas,Tradicional,1,35.0,10,8,350.0,B - Volumen
12,Press Inclinado con Mancuernas,Tradicional,2,35.0,9,8,315.0,B - Volumen
12,Press Inclinado con Mancuernas,Tradicional,3,35.0,9,8,315.0,B - Volumen
12,Jalon Unilateral en Polea,Drop Set,1,38.75,10,9,387.5,B - Volumen
12,Jalon Unilateral en Polea,Drop Set,2,38.75,9,8,348.75,B - Volumen
12,Jalon Unilateral en Polea,Drop Set,3,38.75,11,10,426.25,B - Volumen
12,Curl Predicador con Barra EZ,Superserie,1,22.5,15,5,337.5,C - Aislamiento
12,Curl Predicador con Barra EZ,Superserie,2,25.0,15,9,375.0,C - Aislamiento
12,Extension Triceps Polea Barra,Superserie,1,17.5,14,7,245.0,C - Aislamiento
12,Extension Triceps Polea Barra,Superserie,2,17.5,13,7,227.5,C - Aislamiento
12,Pajaros con Mancuernas,Tradicional,1,12.0,18,7,216.0,C - Aislamiento
12,Pajaros con Mancuernas,Tradicional,2,12.0,18,8,216.0,C - Aislamiento
10,Prensa de Piernas 45 grados,Top Set,1,112.5,5,9,562.5,A - Fuerza maxima
10,Prensa de Piernas 45 grados,Back-off,1,92.5,11,7,1017.5,A - Fuerza maxima
10,Prensa de Piernas 45 grados,Back-off,2,92.5,10,7,925.0,A - Fuerza maxima
10,Peso Muerto Rumano con Barra,Top Set,1,80.0,5,7,400.0,A - Fuerza maxima
10,Peso Muerto Rumano con Barra,Back-off,1,65.0,11,8,715.0,A - Fuerza maxima
10,Peso Muerto Rumano con Barra,Back-off,2,65.0,10,8,650.0,A - Fuerza maxima
10,Hack Squat (Maquina),Tradicional + AMRAP,1,65.0,8,10,520.0,B - Volumen
10,Hack Squat (Maquina),Tradicional + AMRAP,2,65.0,8,9,520.0,B - Volumen
10,Hack Squat (Maquina),Tradicional + AMRAP,3,65.0,7,10,455.0,B - Volumen
10,Curl de Isquios Tumbado (Maquina),Rest-Pause,1,25.0,15,5,375.0,C - Aislamiento
10,Curl de Isquios Tumbado (Maquina),Rest-Pause,2,25.0,20,10,500.0,C - Aislamiento
10,Sentadilla Sumo con Mancuerna,Tradicional,1,12.0,15,6,180.0,C - Aislamiento
10,Sentadilla Sumo con Mancuerna,Tradicional,2,14.0,12,10,168.0,C - Aislamiento
10,Elevaciones de Pantorrilla Sentado,Tradicional,1,28.75,15,7,431.25,C - Aislamiento
10,Elevaciones de Pantorrilla Sentado,Tradicional,2,28.75,15,8,431.25,C - Aislamiento
8,Peso Muerto Rumano con Mancuernas,Top Set,1,45.0,4,8,180.0,A - Fuerza maxima
8,Peso Muerto Rumano con Mancuernas,Back-off,1,40.0,8,9,320.0,A - Fuerza maxima
8,Peso Muerto Rumano con Mancuernas,Back-off,2,40.0,8,10,320.0,A - Fuerza maxima
8,Hack Squat (Maquina),Top Set,1,67.5,5,8,337.5,A - Fuerza maxima
8,Hack Squat (Maquina),Back-off,1,55.0,11,7,605.0,A - Fuerza maxima
8,Hack Squat (Maquina),Back-off,2,55.0,10,8,550.0,A - Fuerza maxima
8,Prensa de Piernas 45 grados,Drop Set,1,95.0,10,9,950.0,B - Volumen
8,Prensa de Piernas 45 grados,Drop Set,2,95.0,9,7,855.0,B - Volumen
8,Prensa de Piernas 45 grados,Drop Set,3,95.0,11,10,1045.0,B - Volumen
8,Curl de Isquios Sentado (Maquina),Rest-Pause,1,30.0,12,8,360.0,C - Aislamiento
8,Curl de Isquios Sentado (Maquina),Rest-Pause,2,30.0,14,10,420.0,C - Aislamiento
8,Puente de Gluteo a 1 Pierna,Rest-Pause,1,0.0,12,9,0.0,C - Aislamiento
8,Puente de Gluteo a 1 Pierna,Rest-Pause,2,0.0,12,10,0.0,C - Aislamiento
8,Caminata Lateral con Banda,Rest-Pause,1,0.0,11,10,0.0,C - Aislamiento
8,Caminata Lateral con Banda,Rest-Pause,2,0.0,10,10,0.0,C - Aislamiento
7,Press Arnold con Mancuernas,Top Set,1,50.0,4,10,200.0,A - Fuerza maxima
7,Press Arnold con Mancuernas,Back-off,1,37.5,11,7,412.5,A - Fuerza maxima
7,Press Arnold con Mancuernas,Back-off,2,37.5,10,7,375.0,A - Fuerza maxima
7,Remo con Barra Agarre Prono,Top Set,1,55.0,4,8,220.0,A - Fuerza maxima
7,Remo con Barra Agarre Prono,Back-off,1,45.0,10,8,450.0,A - Fuerza maxima
7,Remo con Barra Agarre Prono,Back-off,2,45.0,9,8,405.0,A - Fuerza maxima
7,Press Inclinado con Mancuernas,Tradicional,1,35.0,10,8,350.0,B - Volumen
7,Press Inclinado con Mancuernas,Tradicional,2,35.0,9,7,315.0,B - Volumen
7,Press Inclinado con Mancuernas,Tradicional,3,35.0,9,8,315.0,B - Volumen
7,Dominadas,Tradicional + AMRAP,1,0.0,8,8,0.0,B - Volumen
7,Dominadas,Tradicional + AMRAP,2,0.0,8,8,0.0,B - Volumen
7,Dominadas,Tradicional + AMRAP,3,0.0,9,10,0.0,B - Volumen
7,Curl Martillo con Mancuernas,Superserie,1,14.0,15,6,210.0,C - Aislamiento
7,Curl Martillo con Mancuernas,Superserie,2,16.0,12,9,192.0,C - Aislamiento
7,Press Frances con Barra EZ,Superserie,1,25.0,15,5,375.0,C - Aislamiento
7,Press Frances con Barra EZ,Superserie,2,27.5,13,9,357.5,C - Aislamiento
7,Elevaciones Laterales Polea Baja,Rest-Pause,1,20.0,12,10,240.0,C - Aislamiento
7,Elevaciones Laterales Polea Baja,Rest-Pause,2,20.0,11,10,220.0,C - Aislamiento
5,Press Militar con Barra,Top Set,1,35.0,5,8,175.0,A - Fuerza maxima
5,Press Militar con Barra,Back-off,1,30.0,8,8,240.0,A - Fuerza maxima
5,Press Militar con Barra,Back-off,2,30.0,8,8,240.0,A - Fuerza maxima
5,Remo con Mancuerna a 1 Mano,Top Set,1,25.0,4,8,100.0,A - Fuerza maxima
5,Remo con Mancuerna a 1 Mano,Back-off,1,20.0,10,7,200.0,A - Fuerza maxima
5,Remo con Mancuerna a 1 Mano,Back-off,2,20.0,10,8,200.0,A - Fuerza maxima
5,Press Inclinado con Mancuernas,Tradicional,1,35.0,10,7,350.0,B - Volumen
5,Press Inclinado con Mancuernas,Tradicional,2,35.0,9,7,315.0,B - Volumen
5,Press Inclinado con Mancuernas,Tradicional,3,35.0,9,7,315.0,B - Volumen
5,Jalon Unilateral en Polea,Drop Set,1,35.0,12,5,420.0,B - Volumen
5,Jalon Unilateral en Polea,Drop Set,2,35.0,12,6,420.0,B - Volumen
5,Jalon Unilateral en Polea,Drop Set,3,35.0,16,10,560.0,B - Volumen
5,Curl Predicador con Barra EZ,Superserie,1,27.5,12,9,330.0,C - Aislamiento
5,Curl Predicador con Barra EZ,Superserie,2,27.5,12,9,330.0,C - Aislamiento
5,Extension Triceps Polea Barra,Superserie,1,17.5,13,7,227.5,C - Aislamiento
5,Extension Triceps Polea Barra,Superserie,2,17.5,13,7,227.5,C - Aislamiento
5,Pajaros con Mancuernas,Tradicional,1,12.0,18,8,216.0,C - Aislamiento
5,Pajaros con Mancuernas,Tradicional,2,12.0,18,8,216.0,C - Aislamiento
3,Prensa de Piernas 45 grados,Top Set,1,112.5,5,8,562.5,A - Fuerza maxima
3,Prensa de Piernas 45 grados,Back-off,1,92.5,11,7,1017.5,A - Fuerza maxima
3,Prensa de Piernas 45 grados,Back-off,2,92.5,10,8,925.0,A - Fuerza maxima
3,Peso Muerto Rumano con Barra,Top Set,1,80.0,5,8,400.0,A - Fuerza maxima
3,Peso Muerto Rumano con Barra,Back-off,1,65.0,11,8,715.0,A - Fuerza maxima
3,Peso Muerto Rumano con Barra,Back-off,2,65.0,10,8,650.0,A - Fuerza maxima
3,Hack Squat (Maquina),Tradicional + AMRAP,1,57.5,9,8,517.5,B - Volumen
3,Hack Squat (Maquina),Tradicional + AMRAP,2,57.5,8,8,460.0,B - Volumen
3,Hack Squat (Maquina),Tradicional + AMRAP,3,57.5,11,10,632.5,B - Volumen
3,Curl de Isquios Tumbado (Maquina),Rest-Pause,1,27.5,13,8,357.5,C - Aislamiento
3,Curl de Isquios Tumbado (Maquina),Rest-Pause,2,27.5,15,10,412.5,C - Aislamiento
3,Sentadilla Sumo con Mancuerna,Tradicional,1,14.0,12,10,168.0,C - Aislamiento
3,Sentadilla Sumo con Mancuerna,Tradicional,2,12.0,15,7,180.0,C - Aislamiento
3,Elevaciones de Pantorrilla Sentado,Tradicional,1,28.75,15,7,431.25,C - Aislamiento
3,Elevaciones de Pantorrilla Sentado,Tradicional,2,28.75,15,8,431.25,C - Aislamiento
1,Peso Muerto Rumano con Mancuernas,Top Set,1,45.0,4,8,180.0,A - Fuerza maxima
1,Peso Muerto Rumano con Mancuernas,Back-off,1,35.0,12,8,420.0,A - Fuerza maxima
1,Peso Muerto Rumano con Mancuernas,Back-off,2,35.0,11,8,385.0,A - Fuerza maxima
1,Hack Squat (Maquina),Top Set,1,67.5,5,8,337.5,A - Fuerza maxima
1,Hack Squat (Maquina),Back-off,1,55.0,11,6,605.0,A - Fuerza maxima
1,Hack Squat (Maquina),Back-off,2,55.0,10,7,550.0,A - Fuerza maxima
1,Prensa de Piernas 45 grados,Drop Set,1,95.0,10,8,950.0,B - Volumen
1,Prensa de Piernas 45 grados,Drop Set,2,95.0,9,7,855.0,B - Volumen
1,Prensa de Piernas 45 grados,Drop Set,3,95.0,11,10,1045.0,B - Volumen
1,Curl de Isquios Sentado (Maquina),Rest-Pause,1,30.0,12,8,360.0,C - Aislamiento
1,Curl de Isquios Sentado (Maquina),Rest-Pause,2,30.0,14,10,420.0,C - Aislamiento
1,Puente de Gluteo a 1 Pierna,Rest-Pause,1,0.0,12,10,0.0,C - Aislamiento
1,Puente de Gluteo a 1 Pierna,Rest-Pause,2,0.0,12,10,0.0,C - Aislamiento
1,Caminata Lateral con Banda,Rest-Pause,1,0.0,11,10,0.0,C - Aislamiento
1,Caminata Lateral con Banda,Rest-Pause,2,0.0,10,10,0.0,C - Aislamiento
